data,hash_sha256,tx_hash
2026-08-18T13:16:51+00:00,7d0735971c57a983ecf0ce0bcf68d7a6ceb318f39f1a3c96207bfb29611c560e,0x67d0a5fd5ceee7de4c92660c4981e2b9538286d62294fde22bbbfd14b59da243
2026-08-19T11:02:08+00:00,f84d19d888567405ceb652324d7abf586f0b7812f21edda6d58ec5db98f1f6f0,0xf22f43ec566891a50044cdf996804bff5490bcf64f3bfaf561e51cecfd15f459
2026-08-20T11:04:54+00:00,18381f93788e760c766fbec80b3c5ecf609791ac62d6a93812ebcdc94c26956a,0xecfc92e0b994e8b1bb94f2d405ce6104b4e7479ca26ef108d531a7e1662f2e0c
2026-08-21T11:04:13+00:00,5c0fe744d011533722c2d656561ad62a055062ad257f95191eb965f37931de74,0x90e94c4666ddbfa20df9a79cc7652ffe77fe0faa2cffb5d09ad4d7f8ee687554
2026-08-22T06:59:42+00:00,dc88bc8675d06ac0d95350e4b959c57302d063dbc9d47861a924588b5d7c5f01,0x0143ddbc53c36667e567a243a06ce36a1b9b0bd8759c0c83b0a3e53c268876d9
2026-08-23T10:37:29+00:00,b57132797d23ca7f2ab14479c2433c49f9d87224efcaa7cf0a03b6bd32ecc778,0x29154d8f4c95d927e28908c44a740b3bc63bc384171105452e96d5497d855be3
2026-08-24T10:50:42+00:00,1e7171e03bebf4789762405394411ca3ca49094647929573475c09b685c97bb0,0xd6fc8daadc46ae2890ec5d2f70016cc5d6d1f312aaafcfd12dcbd96d0fb5eadc
2026-08-25T10:47:01+00:00,e46f63a8d777a7be4305549fbb356610b1c52fbfe6888cc2905ab072116a6286,0xea21b36cac6824866e1ec43b4ddcaaa24c0684e18f4302b027de7f0518968a7c
2026-08-26T10:50:03+00:00,f4ff7753cc36139fdd691139d97913170d3268f196dcbb0320b9c4167ea54645,0x2e79c49185b82467b803a2ebf11832bfd1f2299acad888b693c15070081b15bc
2026-08-27T20:26:58+00:00,a7e6b84e3159b5514fdfbb4d64b9bb520c3d42ce4ecff19220fb48197df63a18,0x0bc01f3c0bb15827a8f2ac8b1f4ed520eb3f1d81ec2a7efa4b5729eb55d5cf74
2026-08-28T21:10:52+00:00,49ef2148d95965331585a0293472fcb93ca06daa9e24d27a4e0080f203f904c8,0x9f3c9b6dc6094bf208463e2c2cbe5119185881b5cce66501c614a5c26d5a35c6
2026-08-29T15:02:38+00:00,3288a1993e6f7a655a59e10841d3670bda4dd96cb04622ded0098e32ac826298,0xa4601d7f3b457b6aa3a60987d94185d3c704f920c6d7e90fc5afe657411692db
2026-08-30T14:51:45+00:00,83b9ee3bc0d054b9c4aa1297dff9fdddf9bef7aa45061fcecfd50d54cc27f77d,0x7207e8bc8bf2d94faa0410f3fd5b431c6e95c92e66a7f68c8d88c6a5127dc0e8
2026-08-31T17:36:11+00:00,6c8c5180e4ffec3e661e401cd8792c4185ece3301e1f1ea8a6b6cef86fa10f5a,0xc0a24a7ff585206e8984991fcb44d31b6b240a37f3ea8451009ad24a05648ebf
2026-09-01T14:50:58+00:00,4433c024fdede34b7826364e290407b55baec4c86f4dad6cd05239700647d8b7,0x04556ce9633405b52fa26fa705f67d81dd16b3d02658663ddcea775e2f3272b9
2026-09-02T14:26:41+00:00,b38896fcdf382d919197c378152b20a6e3c053df24cc596da164cf8df7ef2c36,0x50fff64bf9c8df276e264086d4be7a16b69b8722d5194230de138b61d2f8d68b
2026-09-03T14:30:53+00:00,0a6a70966f88b4ccf5cd90ac11617654ccc6690285e72f67c713aa33f8984261,0x96b3fc7287410aaa0829e8b8c87b463ecc1403b4e4eb832b86dc5ec306359d89
2026-09-04T14:19:04+00:00,8f59452cf2cbec999d1aac92105856edf8af22ef3e92c07e70156c84ad010255,0xac209f3352ef9e596e5f46ca71d6df8e6819fc6621ba800d212d3a18ec749e69
2026-09-05T13:26:31+00:00,b97a90db9a8b38855a39badf094234277d4fec8e9ab4c3296da156ca9a11bd4b,0x15dcbaf3cabc144161ac2a4df124b7bb2bb4e6de484381b1ed17f469389a2c1f
2026-09-06T13:39:59+00:00,175962d5a7a77da3c2d08f1279499b1c6a2fdc0a008d1638f3b3040819bab661,0x00689ac977e74a732e1cc749f7618790c6dda36a7297f89aeb2e2acbe9cb1937
2026-09-07T15:48:55+00:00,7fd1b082bd6fe40f5c2ee8d6ef7ca168a3e8fe513b96d21c5144781bc8c04717,0xd6ae93d6f723dda60ac0edfbd34356fc88159fb97e01537fc7cf25a1649db373
2026-09-08T14:30:35+00:00,9688026529854c9c5344c9ec14ba0459775dbf0ec0f359a5217c054c1813ec9c,0x77159a3b5052b4977ba21d4ddcb498adbb84e9a02cd42cce02d57c2bc3836afb
2026-09-09T14:32:11+00:00,d8de5be89bf04e50983d8787894b51331cd7859d773234bcbcdcc50212545c6a,0xa574798595df830f83797887a3618ab698af0edac82c9e14be5ac55d9b9bad5b
2026-09-10T14:23:54+00:00,d53d3da5168481f51d2bf0ab4f5b68b50f9a8a2201fe063a1076ee2800a0dd7e,0xa070bafd30ac9dbf2990b7eb017ca66f3f1b98b7875428a8ab9f86842e54e75d
2026-09-11T14:23:37+00:00,e79f1501e78862517e9fd8ced366a214cb3fb598beb6f86c7613718f2151506a,0xeba557dbb24a3273edbadd59efe714a76a49eb66642d6cbd1cee994d81b61724
2026-09-12T13:35:03+00:00,fd3ac2854ddfb530de70112bbb153712e452b2b76d9202a4e9b2a1e63fce3f53,0x32df0b944c3fed254a5670fa76ebcf3ddf4f0c9d4b2f8b6d989953b12afa92fc
2026-09-13T14:19:53+00:00,4b79505591fe9e815527fea3eafac808df7d85622b02ebdb8769b624f1ad3c13,0x230ee7f1f1c1146403e121b58a4e9a68fce1e8dc5a336076b5f04fbe0a6c1484
2026-09-14T16:21:04+00:00,b5caee89c632557adc4518ff7bb48afd2cc7cf8f90dedb8bb1b90532e4ddec4d,0xee32427f23d88274b6d7a19c513aa6ad585f46608c935690d5956687fc2cb79d
2026-09-15T14:58:19+00:00,d4cf047a0dca41a2033d075e5d79fff802fcd5a20f3b18bae30e77a5937a6d63,0x48b37f2958b785e7a9db2bcae317c8bd088160e96cf69bab5a4403809bf20c81
2026-09-16T14:55:57+00:00,f58bca9701ae89ac9d33b9334b7a7150cc9bb6eec7da926b477aa53a9dc97ad6,0xfae53c7740a2fccfbf7c237bbe19050da090f5786f338da65f8d20bae36bdf4a
2026-09-17T14:58:15+00:00,0eae8054e7841bd85e1629aab4ab843c3046cccda592701b66c285eec4b5044f,0xce9a5af8eacbda2cec75513ecbfea9306bc8b9f30e794e0f673d371645f8d39d
2026-09-18T14:28:42+00:00,70b87746011090b7a21f0b770acde0eec49d2206cc40f6ee193e5d316721bc9d,0xa420ef84f5d7761277e56ddb80825e8ae720c8fd8aa8cad57b89d9818196fade
2026-09-19T13:54:54+00:00,6b5f038c75b24bbdd3c636977d28f8586fa224671704999b97c03249f2bedfa6,0x0eaba380ce5a59503c64edac9e9a2a85d6886843a3980535a6d0b1fe139d6419
2026-09-20T14:12:04+00:00,ed299ec70a4b7983bc3792762a4e79c505caf43a9ca068071122f5a4edcd1b01,0xb46462bf8b7595787e57513614d9024f85898f19039dec0aa6c0616c9d76a27f
2026-09-21T16:27:22+00:00,b14df34a9c1905422ee5d867751db23e7ab3b4dafd698856982e10e6793da1e0,0x6f7d9efbadda07f470da071ba43f5245c2b7f7b01cbc9cbd36191f40f2332f29
